label,occorrenze,media_flusso_fisso_max_run_CORRETTO_Correzione_Additiva_dell_Apertura_DECORRELAZIONE_STELLE_GLOBALE
RA_157.09DEC64.34,40,74.99912000871828
RA_159.79DEC45.48,21,89.34244665340707
RA_159.85DEC48.81,25,164.9516277464616
RA_160.03DEC46.84,22,1010.7652419590045
RA_160.14DEC47.00,22,104.74256519715051
RA_160.16DEC46.22,21,78.2315132947309
RA_160.26DEC45.51,20,206.32580264469783
RA_160.26DEC48.99,22,145.39272232869166
RA_160.27DEC48.57,22,269.17784974851054
RA_160.32DEC48.65,20,77.0302223958416
RA_160.50DEC46.65,19,370.1930285564976
RA_160.54DEC45.85,11,76.64797869305436
RA_160.63DEC48.00,18,382.9252722600864
RA_160.67DEC48.18,18,93.81950082771516
RA_160.73DEC46.69,17,251.19521770432888
RA_160.78DEC45.99,16,175.96973070528696
RA_160.89DEC46.20,15,4729.570627455264
RA_160.89DEC48.22,16,510.4059831812891
RA_161.00DEC46.21,15,976.411159768002
RA_161.00DEC46.28,15,191.947233358862
RA_161.00DEC47.17,15,312.5200968863956
RA_161.03DEC48.57,16,91.5206668454009
RA_161.04DEC47.21,15,154.04170105576162
RA_161.20DEC47.29,10,70.07445100215315
RA_161.23DEC48.55,14,518.2187203535071
RA_161.34DEC45.56,12,1190.025448025809
RA_161.47DEC47.86,12,98.1071632734238
RA_164.22DEC-32.56,10,149.37669502484044
RA_164.32DEC-30.56,10,180.43667739717733
RA_164.53DEC-31.15,14,133.9418080580529
RA_164.55DEC-31.79,16,136.3059822965074
RA_164.62DEC-32.11,18,117.07163003229928
RA_164.62DEC-32.78,18,309.0652844911835
RA_164.65DEC-31.04,18,169.1603647125176
RA_164.72DEC-30.28,10,79.89485975131507
RA_164.72DEC-31.17,13,85.07576253168158
RA_164.76DEC7.03,38,83.26727864082056
RA_164.78DEC7.42,39,102.61924764936224
RA_164.78DEC9.45,34,72.11688472263498
RA_164.79DEC6.93,39,336.8314055989096
RA_164.87DEC9.98,38,98.69367767532955
RA_164.88DEC7.22,38,417.8967722893845
RA_164.89DEC-33.08,25,602.4113330152024
RA_164.89DEC9.93,38,1074.32972275006
RA_164.90DEC-30.97,24,98.16291882417578
RA_164.90DEC-31.36,24,124.50972910187778
RA_164.90DEC-33.05,25,114.92631289944333
RA_164.93DEC-32.24,26,355.3068145206158
RA_165.08DEC-33.12,29,116.85153667825497
RA_165.11DEC8.54,34,69.58842041985281
RA_165.14DEC7.05,35,90.24161411577388
RA_165.23DEC-32.59,28,94.72601203769148
RA_165.24DEC7.62,35,219.3787043187492
RA_165.25DEC-31.80,32,178.5196420374037
RA_165.26DEC-31.79,32,111.09998490460582
RA_165.29DEC-31.24,30,100.0749977975393
RA_165.29DEC-33.10,32,108.68086170697248
RA_165.33DEC-31.71,32,108.85427866728111
RA_165.34DEC46.56,22,1407.218499219652
RA_165.34DEC46.79,18,120.82971536476046
RA_165.36DEC-32.40,33,110.56606043624478
RA_165.37DEC-32.06,33,170.5405166155233
RA_165.39DEC-31.73,27,96.51871701825455
RA_165.45DEC6.87,33,103.161450506243
RA_165.55DEC9.75,33,157.45930163892547
RA_165.55DEC9.90,33,237.0981398140463
RA_165.56DEC8.87,33,205.23481418488615
RA_165.57DEC10.15,32,111.23450224776218
RA_165.57DEC47.03,19,140.52800373164422
RA_165.59DEC8.61,32,197.11229715825624
RA_165.64DEC-32.19,35,131.16062328205805
RA_165.64DEC9.17,32,1098.9369407273357
RA_165.65DEC10.33,24,75.89343040093962
RA_165.65DEC8.14,32,109.3894384367962
RA_165.68DEC-30.57,26,85.1469359803312
RA_165.75DEC9.13,30,79.32654765597276
RA_165.77DEC-30.50,35,94.46386607450668
RA_165.77DEC-31.49,28,80.92680055659864
RA_165.80DEC48.61,19,143.18585726524057
RA_165.81DEC8.19,31,155.7231521335398
RA_165.82DEC-30.72,36,167.6174608605255
RA_165.82DEC-31.89,37,225.22732035638197
RA_165.82DEC48.81,19,474.9716960736549
RA_165.86DEC-30.50,28,88.31918829962116
RA_165.90DEC-30.26,37,340.3236541989994
RA_165.92DEC7.02,30,166.7637348279534
RA_165.92DEC7.58,30,1030.893418224099
RA_165.92DEC9.32,23,70.82969906169292
RA_165.93DEC8.73,30,525.853684952853
RA_165.97DEC47.63,17,138.92218443070027
RA_165.99DEC9.95,29,546.6444524581613
RA_166.01DEC-31.15,34,89.36888095608882
RA_166.05DEC-31.55,38,150.6458940883994
RA_166.05DEC8.17,29,127.63049215396158
RA_166.06DEC-30.51,20,72.92205460342647
RA_166.09DEC-31.98,39,192.13193785139015
RA_166.16DEC-30.04,37,102.5427613035815
RA_166.16DEC7.16,28,94.42545099948528
RA_166.18DEC-32.08,40,194.93341826660506
RA_166.19DEC-31.84,39,99.22174276921163
RA_166.20DEC48.26,16,262.3108034975712
RA_166.21DEC-32.21,40,109.6826943181085
RA_166.26DEC7.33,27,5919.615833106504
RA_166.29DEC-32.18,41,175.27126512903928
RA_166.29DEC48.58,14,121.51782709287984
RA_166.31DEC9.57,27,143.36201787798635
RA_166.32DEC-33.08,41,151.24176363022337
RA_166.33DEC-30.53,40,165.5751048335531
RA_166.39DEC-31.71,35,89.51576332456743
RA_166.44DEC-31.54,38,88.76730269071332
RA_166.45DEC48.06,14,177.78683543814185
RA_166.49DEC46.93,12,129.5150279504319
RA_166.51DEC-32.94,41,100.26989603062762
RA_166.53DEC7.03,25,309.72459346791624
RA_166.53DEC7.32,22,85.24190267734049
RA_166.54DEC-30.29,42,227.49866195275254
RA_166.54DEC7.14,25,896.2729226077571
RA_166.56DEC10.31,25,165.14759935702946
RA_166.56DEC8.50,21,77.5013981807601
RA_166.58DEC9.39,25,140.86064301913572
RA_166.59DEC-31.10,43,296.33256331558124
RA_166.60DEC-32.64,38,83.32301103257134
RA_166.66DEC9.96,24,357.5697211136588
RA_166.68DEC-31.24,43,169.1337804065131
RA_166.70DEC-31.88,30,80.6846961655228
RA_166.70DEC47.42,11,175.16844118583873
RA_166.72DEC-30.65,32,90.93945343397318
RA_166.72DEC8.11,23,196.816966968654
RA_166.76DEC7.94,17,66.63629815434018
RA_166.77DEC9.62,23,234.44582462380035
RA_166.80DEC10.10,22,94.45966331145732
RA_166.81DEC10.21,23,993.2674594365712
RA_166.83DEC-30.50,44,164.98982537824642
RA_166.84DEC7.51,22,174.2500882402435
RA_166.85DEC10.20,22,117.91648972685547
RA_166.90DEC49.18,11,983.9808177139853
RA_166.91DEC-30.69,35,79.52217852999127
RA_166.91DEC49.00,10,394.1183999493482
RA_166.92DEC48.82,10,299.0531218988826
RA_166.94DEC10.11,19,86.707865086858
RA_166.95DEC-30.71,44,103.31887055891957
RA_166.95DEC10.22,22,120.18735077346884
RA_166.96DEC8.38,22,109.16916538577858
RA_167.00DEC10.20,21,121.16061710982532
RA_167.03DEC9.02,21,527.7875396167808
RA_167.11DEC7.63,20,455.8452321780695
RA_167.14DEC-30.13,47,637.4590044033271
RA_167.18DEC-30.77,47,435.6844738318447
RA_167.20DEC8.80,20,120.79434345325292
RA_167.21DEC-32.05,48,144.39681811951877
RA_167.22DEC-30.89,48,200.10135297456873
RA_167.22DEC-31.05,48,118.8863930902507
RA_167.23DEC-30.93,47,126.06408837039623
RA_167.25DEC6.90,18,96.77461816407576
RA_167.25DEC9.70,18,83.80517319600433
RA_167.27DEC7.95,19,123.4160475766254
RA_167.29DEC-30.35,48,176.6425047601348
RA_167.32DEC-32.25,49,182.22945923822545
RA_167.33DEC-31.62,45,100.20476639560069
RA_167.36DEC8.81,18,83.4712122791353
RA_167.39DEC-32.51,49,148.71457691482578
RA_167.41DEC-33.05,50,148.8030535608347
RA_167.43DEC-32.64,50,150.40523320092146
RA_167.44DEC7.50,18,199.56864063291425
RA_167.45DEC10.16,18,431.7384390716357
RA_167.56DEC-32.42,51,185.53667715625554
RA_167.62DEC-32.83,51,171.71922072916777
RA_167.63DEC7.89,16,1066.5627105853766
RA_167.69DEC-32.21,52,159.27580373340533
RA_167.69DEC10.37,16,220.09934994747672
RA_167.71DEC-33.01,52,131.73491954340182
RA_167.72DEC-30.43,48,99.22076678085828
RA_167.72DEC-32.70,52,131.44036158086357
RA_167.73DEC-31.94,51,109.3215766815819
RA_167.73DEC9.85,15,178.81061913303682
RA_167.77DEC-32.34,52,122.8566200019634
RA_167.78DEC8.05,14,87.29398495631474
RA_167.80DEC-30.13,52,172.98016240300723
RA_167.80DEC-31.19,35,75.72628253563113
RA_167.80DEC-33.15,42,87.9412533813444
RA_167.85DEC8.27,15,175.9210316340203
RA_167.86DEC-31.39,53,193.72546507300893
RA_167.87DEC-32.46,53,140.72776420551625
RA_167.89DEC-32.15,37,81.62749051928068
RA_167.89DEC-32.57,36,79.34529021109992
RA_167.91DEC8.31,14,135.28860130365038
RA_167.94DEC-30.75,36,79.5271729947728
RA_167.98DEC10.28,14,100.84737160652745
RA_168.01DEC-32.98,46,95.25864721741519
RA_168.01DEC9.09,12,80.87580513014068
RA_168.02DEC8.19,13,112.1180795127882
RA_168.02DEC9.65,13,97.25924778063336
RA_168.02DEC9.88,13,94.32494046084504
RA_168.06DEC10.39,13,173.12875353847772
RA_168.10DEC-31.34,54,106.40751847821448
RA_168.10DEC-32.02,47,96.7247693648276
RA_168.13DEC-31.30,55,141.28789149838056
RA_168.18DEC9.87,12,490.3976217436718
RA_168.22DEC-30.70,57,173.309061126249
RA_168.22DEC-31.46,58,118.88517326053021
RA_168.25DEC8.59,11,123.65783339027766
RA_168.32DEC-30.60,58,148.515294730233
RA_168.33DEC-32.89,30,81.74619453109474
RA_168.37DEC-30.09,47,102.80060102697209
RA_168.39DEC-30.25,57,115.64359316878615
RA_168.41DEC7.94,10,535.2683436647961
RA_168.43DEC-31.46,58,100.85512316240724
RA_168.45DEC-30.07,60,344.2816357949853
RA_168.48DEC-32.05,50,87.07329769970914
RA_168.49DEC-31.15,62,136.997990227929
RA_168.55DEC-32.98,64,288.0232891778646
RA_168.61DEC-30.59,64,228.74630455609605
RA_168.70DEC-30.31,62,107.46851053865596
RA_168.70DEC-33.26,28,83.68044321852848
RA_168.89DEC-30.11,68,239.57672791811459
RA_168.89DEC-31.83,68,179.46267063479195
RA_168.91DEC-30.75,37,73.59523048284038
RA_168.93DEC-31.29,67,109.7610933856167
RA_168.98DEC-32.70,70,391.3471481565764
RA_169.00DEC-31.29,65,94.44364663617642
RA_169.00DEC-32.37,70,324.6248735505925
RA_169.04DEC-30.80,70,145.5126222723925
RA_169.05DEC-30.18,67,107.15165747965017
RA_169.07DEC-32.56,72,150.43603018870897
RA_169.10DEC-30.53,58,86.2316542216179
RA_169.13DEC-32.16,72,98.81614519482478
RA_169.14DEC-30.58,70,99.69872230916376
RA_169.17DEC-30.11,72,183.61293178962526
RA_169.20DEC-31.29,72,162.20704217791115
RA_169.29DEC-31.35,74,105.47082288687284
RA_169.39DEC-31.43,66,88.69596740429013
RA_169.44DEC-32.60,78,150.53155704584222
RA_169.49DEC-31.80,50,79.16165065698264
RA_169.57DEC-30.60,78,141.18239203253924
RA_169.62DEC-32.23,58,80.5308583130448
RA_169.62DEC-33.14,80,182.81694608023525
RA_169.71DEC-30.47,80,451.3391750415273
RA_169.74DEC10.23,30,144.6251353973663
RA_169.84DEC-30.44,42,78.17115785604558
RA_169.88DEC-32.75,84,123.58759352342007
RA_169.89DEC10.08,28,143.62521618281673
RA_169.90DEC9.93,28,323.45330352556994
RA_169.92DEC6.86,28,168.99485323948937
RA_169.95DEC-33.11,38,80.68296627777973
RA_169.99DEC7.58,27,244.745806460711
RA_170.01DEC9.09,27,203.6143640388439
RA_170.03DEC-31.14,71,81.93204009005312
RA_170.15DEC-32.34,57,81.21974609380825
RA_170.15DEC-32.94,86,101.02291029938456
RA_170.17DEC6.76,26,134.26088028965285
RA_170.18DEC9.16,26,134.41714639492753
RA_170.20DEC-31.31,88,174.77066685267764
RA_170.22DEC-30.26,87,158.95596259416118
RA_170.23DEC-31.64,63,81.16001231741478
RA_170.24DEC-32.14,85,96.13163960602812
RA_170.24DEC-32.57,86,97.56480469086421
RA_170.26DEC7.06,25,511.6190890311931
RA_170.26DEC9.86,25,113.3665702419242
RA_170.28DEC8.45,25,156.04327893841096
RA_170.32DEC-30.62,43,78.48207737549612
RA_170.42DEC7.22,24,827.4472043940854
RA_170.43DEC-31.13,49,93.8204394178722
RA_170.44DEC-31.12,88,133.77464248140774
RA_170.45DEC-32.09,85,97.82525656956825
RA_170.46DEC-31.68,88,140.93817735592964
RA_170.46DEC9.17,24,1781.4975300086835
RA_170.54DEC9.03,23,203.1823755582017
RA_170.55DEC-32.39,48,81.19914731352164
RA_170.61DEC9.62,22,100.51500632717094
RA_170.66DEC9.89,22,241.025622603817
RA_170.73DEC-32.78,90,138.1079383644411
RA_170.74DEC-31.87,89,124.05526429642124
RA_170.75DEC-30.89,88,383.6073735099893
RA_170.76DEC-32.43,90,209.42332460081886
RA_170.78DEC-31.56,80,93.33441116348891
RA_170.79DEC-32.04,89,132.37816286093542
RA_170.82DEC7.96,18,105.56950469634046
RA_170.86DEC9.02,21,112.5193673768452
RA_170.89DEC-31.59,42,77.29756634267744
RA_170.95DEC8.36,20,109.29303178741354
RA_170.96DEC-30.38,28,77.65220930481492
RA_170.97DEC-30.12,57,86.7976251596404
RA_170.97DEC-31.65,87,189.51212898839395
RA_171.07DEC-31.73,79,105.34062273759115
RA_171.07DEC-32.54,88,178.41285264767615
RA_171.12DEC9.49,19,213.0617951603034
RA_171.16DEC-30.22,85,155.3422738723221
RA_171.16DEC-31.52,87,151.3992584560494
RA_171.17DEC-31.32,86,153.2860250371853
RA_171.24DEC-32.01,83,135.32337124823067
RA_171.28DEC-31.61,54,82.55566345179189
RA_171.30DEC8.91,17,130.79400243819515
RA_171.36DEC7.95,17,832.2080917537286
RA_171.36DEC8.10,17,173.9460690808574
RA_171.37DEC8.92,17,380.2952475090094
RA_171.41DEC8.04,16,254.6393484661122
RA_171.41DEC9.20,16,195.16674837381004
RA_171.49DEC-30.45,17,90.04333601921947
RA_171.51DEC8.64,15,297.11849009386225
RA_171.55DEC-32.47,71,93.03430022882115
RA_171.55DEC7.40,15,166.68265306961715
RA_171.56DEC10.28,15,159.41785870398817
RA_171.56DEC6.78,15,124.57440418413604
RA_171.58DEC8.66,15,1976.1463705261312
RA_171.59DEC9.37,15,228.9112769148024
RA_171.60DEC10.42,15,345.4009162133237
RA_171.61DEC-32.15,82,123.93362697553704
RA_171.63DEC8.09,15,185.7702175770129
RA_171.69DEC-32.98,72,103.66046079159715
RA_171.72DEC9.02,14,400.63189805398144
RA_171.75DEC-31.28,37,81.42090099518751
RA_171.79DEC9.81,13,132.82458882290825
RA_171.83DEC8.20,13,197.61900043638556
RA_171.87DEC-31.93,67,87.7250711484876
RA_171.88DEC-31.25,79,138.6941926186308
RA_171.93DEC-30.36,75,98.47694492389516
RA_171.95DEC7.88,12,263.7379391709214
RA_171.95DEC9.48,12,348.47963185468484
RA_171.96DEC-30.50,78,231.36352775459048
RA_171.96DEC-32.64,79,142.9504185231063
RA_171.97DEC-31.91,79,160.22120277540998
RA_171.97DEC-32.52,75,93.44831565567351
RA_171.98DEC-31.40,78,134.43344047349407
RA_171.98DEC-32.85,80,121.6643249453954
RA_172.04DEC-32.96,39,81.09548163928926
RA_172.11DEC8.55,11,507.17698910692815
RA_172.13DEC-32.02,28,83.85213445531586
RA_172.14DEC-33.09,80,115.312553906208
RA_172.18DEC-31.67,68,86.67084436021908
RA_172.21DEC-32.61,79,167.97956776839578
RA_172.22DEC-30.44,74,104.7728281757766
RA_172.23DEC8.33,10,137.18278565870824
RA_172.25DEC10.04,10,1402.5929582339406
RA_172.27DEC-30.99,78,116.52898104277749
RA_172.34DEC-32.32,42,82.18501131227958
RA_172.36DEC-30.61,21,81.43358530148933
RA_172.38DEC-30.51,69,93.10178587692896
RA_172.42DEC-33.07,26,86.15174489206605
RA_172.43DEC-30.93,47,82.51543653400375
RA_172.47DEC-32.03,79,117.07116318510634
RA_172.47DEC-32.55,13,85.77314566238707
RA_172.48DEC-31.58,59,83.14118951868964
RA_172.50DEC-30.45,76,95.12172286980504
RA_172.54DEC-32.42,79,192.08027707786923
RA_172.55DEC-31.08,19,78.88828005293789
RA_172.59DEC-31.15,78,115.82166725248014
RA_172.63DEC-30.44,78,327.46002598256916
RA_172.63DEC-31.30,31,76.91328506206018
RA_172.75DEC-31.64,74,91.71934711247776
RA_172.76DEC-30.26,78,233.71047646684275
RA_172.88DEC-30.56,78,242.64310055050177
RA_172.89DEC-31.67,38,80.89931240128543
RA_172.90DEC-33.12,78,108.54364454781778
RA_172.96DEC-30.86,44,83.57955982758202
RA_172.96DEC-32.69,51,80.9116117852092
RA_173.04DEC-31.14,38,81.93462867768251
RA_173.04DEC-31.40,79,194.84190937629282
RA_173.07DEC-30.43,78,188.35694244764983
RA_173.11DEC-31.11,40,84.13620027993167
RA_173.12DEC-30.97,78,403.03810195351474
RA_173.15DEC-30.95,79,117.65090156946144
RA_173.20DEC-31.64,73,95.44208297462112
RA_173.24DEC-30.47,74,100.5111666700071
RA_173.24DEC-32.03,57,82.75094892612942
RA_173.26DEC-32.87,50,81.53647571693521
RA_173.28DEC-31.00,79,109.48623217308638
RA_173.33DEC-32.49,77,109.36732081528513
RA_173.35DEC-30.68,78,140.31334469634
RA_173.44DEC-31.33,24,90.21978686656662
RA_173.48DEC-32.80,80,161.56663987586936
RA_173.49DEC-31.91,79,240.7083431047759
RA_173.51DEC-30.12,50,82.16887989463399
RA_173.56DEC-30.52,79,175.72958913983183
RA_173.59DEC-30.61,78,133.50761144289058
RA_173.61DEC-31.78,71,93.17464616448713
RA_173.62DEC-31.56,68,90.85755270757159
RA_173.62DEC-32.46,46,82.36319301062348
RA_173.62DEC-32.83,35,2453.7954995060686
RA_173.70DEC-32.44,34,232.2188598286456
RA_173.71DEC-31.93,79,186.2102099245026
RA_173.76DEC-30.03,33,1088.052342936692
RA_173.76DEC-30.72,33,1011.6535890069483
RA_173.84DEC-31.61,62,84.70545854269817
RA_173.86DEC-31.14,66,88.40153209028948
RA_173.86DEC-32.55,33,132.000265127716
RA_173.89DEC-31.64,61,81.89978174826308
RA_173.92DEC-31.52,76,99.51250761690346
RA_173.96DEC-29.81,31,141.41418087055573
RA_173.98DEC-31.03,78,146.60999751742415
RA_174.03DEC-32.29,49,83.12871118469883
RA_174.06DEC-32.68,58,82.22671538161165
RA_174.08DEC-32.55,68,89.89919641217047
RA_174.14DEC-32.01,30,261.361059596863
RA_174.16DEC-32.50,79,108.86180887623435
RA_174.17DEC-29.83,30,214.5359861098505
RA_174.17DEC-32.93,80,308.6759502475744
RA_174.23DEC-31.75,79,188.59538941971113
RA_174.24DEC-32.48,79,383.3253497446271
RA_174.26DEC-32.99,30,1707.1048315714108
RA_174.43DEC-30.31,78,135.9997679404379
RA_174.45DEC-31.22,28,1297.6594727593726
RA_174.48DEC-31.21,78,107.60804221455743
RA_174.52DEC-31.62,34,80.68734117391924
RA_174.60DEC-31.64,75,96.83127928526609
RA_174.62DEC-30.29,75,134.55890464457457
RA_174.74DEC-30.51,65,88.49587921995294
RA_174.74DEC-32.69,52,82.85218192731739
RA_174.77DEC-30.88,73,310.7606807227997
RA_174.80DEC-31.04,73,198.6345625155002
RA_174.82DEC-30.35,25,390.5327258866128
RA_174.85DEC-31.21,73,357.53339659685525
RA_174.89DEC-29.70,24,100.18555027495258
RA_174.89DEC-30.48,24,145.6362526962594
RA_174.91DEC-32.60,25,193.2925386443286
RA_174.92DEC-32.49,51,84.01055851974888
RA_174.93DEC-31.56,71,114.53456396035273
RA_174.93DEC-31.67,71,97.91620446715494
RA_174.99DEC-31.43,70,101.43494142702603
RA_175.00DEC-30.48,23,573.6979418930677
RA_175.00DEC-31.71,52,86.35963101577144
RA_175.05DEC-31.79,67,95.03437825086208
RA_175.09DEC-29.81,22,112.35689741965656
RA_175.13DEC-31.54,43,80.06429046315922
RA_175.16DEC-30.14,22,234.24007301199347
RA_175.21DEC-31.05,63,90.55860571474572
RA_175.28DEC-29.73,21,174.13897582606498
RA_175.28DEC-30.28,65,200.03177628152744
RA_175.30DEC-32.14,65,116.27053022276861
RA_175.33DEC-32.14,65,110.52706455007302
RA_175.37DEC-30.21,49,87.9652393223145
RA_175.40DEC-30.93,30,81.12586050040845
RA_175.43DEC-32.50,20,4439.814293347355
RA_175.45DEC-32.49,63,512.6054879300541
RA_175.47DEC-32.55,63,283.4026083565006
RA_175.48DEC-29.91,13,71.54677036726933
RA_175.61DEC-30.04,23,86.87968632120727
RA_175.65DEC-29.64,18,884.7302752204316
RA_175.67DEC-33.14,55,101.3855541425183
RA_175.74DEC-30.03,57,218.4694723256933
RA_175.76DEC-30.29,17,81.7635332925516
RA_175.78DEC-31.64,57,106.12031613982343
RA_175.87DEC-31.02,16,347.8977236333834
RA_175.87DEC-31.72,55,101.37688835108537
RA_175.88DEC-32.94,51,98.81328663178807
RA_175.93DEC-32.13,55,120.51957660777167
RA_175.95DEC-29.68,15,355.7893705977837
RA_175.95DEC-33.23,41,95.82672832780334
RA_175.96DEC-32.96,45,101.0317481709592
RA_175.97DEC-31.96,55,114.47208055476355
RA_175.99DEC-29.75,15,1171.678452742887
RA_176.00DEC-32.00,55,255.05924921308298
RA_176.07DEC-29.98,15,140.78197743864854
RA_176.08DEC-31.63,15,374.0481483975126
RA_176.12DEC-33.01,22,86.16731097021744
RA_176.16DEC-29.88,14,525.8879338771162
RA_176.27DEC-31.78,14,466.0110114056296
RA_176.36DEC-31.71,49,159.49085017903687
RA_176.38DEC-30.50,47,291.55447493684784
RA_176.41DEC-30.95,12,516.0255846959072
RA_176.43DEC-32.26,47,306.16891045843767
RA_176.44DEC-31.98,12,145.1474278369535
RA_176.48DEC-30.39,33,89.30224057642482
RA_176.50DEC-29.60,11,111.65921242595309
RA_176.61DEC-30.03,43,134.82145151488984
RA_176.61DEC-32.55,42,117.2621670438266
RA_176.62DEC-29.86,10,105.187342356013
RA_176.64DEC-30.93,10,588.7011780817465
RA_176.64DEC-32.33,45,173.84573263756778
RA_176.67DEC-31.13,38,96.3406484969399
RA_176.69DEC-32.04,29,86.52395216521998
RA_176.76DEC-31.48,19,81.17229208249985
RA_176.78DEC-33.15,36,105.75459438874849
RA_176.81DEC-32.82,42,110.5303397251653
RA_176.84DEC-32.39,33,107.0533255423352
RA_176.87DEC-31.18,41,217.63181195505342
RA_176.99DEC-32.39,39,190.2015100285574
RA_177.03DEC-29.68,37,142.46648498576005
RA_177.12DEC-31.48,29,95.49811287328839
RA_177.17DEC-31.61,35,149.31301353508667
RA_177.25DEC-32.85,27,105.76317170878636
RA_177.31DEC-30.67,33,372.6592483085774
RA_177.32DEC-31.10,33,123.16169989258705
RA_177.36DEC-31.88,21,87.24578647472437
RA_177.37DEC-32.79,33,131.7808485962752
RA_177.40DEC-30.02,22,91.24245838333547
RA_177.42DEC-32.71,28,98.5082602757102
RA_177.43DEC-32.44,33,542.7114803342464
RA_177.47DEC-29.81,25,119.37382414115844
RA_177.47DEC-31.48,31,193.06244908092148
RA_177.47DEC-33.05,30,118.78936005996694
RA_177.48DEC-32.51,31,169.73731039620841
RA_177.51DEC-32.42,30,120.99653920339203
RA_177.53DEC-30.53,29,129.10106802625884
RA_177.57DEC-30.54,29,219.77274365109523
RA_177.60DEC-29.64,24,110.69854925867294
RA_177.67DEC-31.22,24,96.08595800198846
RA_177.68DEC-33.14,29,695.6768247172683
RA_177.74DEC-29.87,23,109.27805757272462
RA_177.75DEC-33.22,26,207.26828389337777
RA_177.80DEC-31.67,20,91.02387200990928
RA_177.87DEC-31.63,24,229.1758827860148
RA_177.91DEC-32.84,24,106.17791194582871
RA_177.92DEC-33.19,16,90.3597014561006
RA_177.93DEC-30.84,23,2688.2612677475367
RA_177.93DEC-32.82,24,171.58253209474643
RA_177.99DEC-31.94,23,153.7153038168068
RA_177.99DEC-32.93,23,152.0768380989517
RA_178.04DEC-30.08,22,108.03787323016246
RA_178.04DEC-30.27,21,95.69144983721596
RA_178.09DEC-31.43,22,117.00104855865648
RA_178.42DEC-31.63,19,269.6370061522479
RA_178.52DEC-29.98,18,355.66622148238525
RA_178.55DEC-30.91,18,1212.6978740603508
RA_178.58DEC-32.03,18,116.34841254726926
RA_178.66DEC-32.13,18,240.57515903264616
RA_178.68DEC-30.76,14,90.94023468570025
RA_178.70DEC-31.67,17,421.36421127274497
RA_178.74DEC-33.06,17,227.87049283767143
RA_178.79DEC-32.47,17,112.71068147665986
RA_178.80DEC-29.84,16,112.10850221645578
RA_178.94DEC-32.45,16,158.54658315125133
RA_178.96DEC-29.81,15,141.94755508625494
RA_179.03DEC-32.23,15,238.28415682128323
RA_179.09DEC-31.19,14,351.3868224045672
RA_179.11DEC-33.16,14,113.5512372410436
RA_179.12DEC-32.20,14,156.80620709694236
RA_179.13DEC-31.06,14,131.3171565920653
RA_179.18DEC-32.27,14,1060.8805806663024
RA_179.31DEC-30.01,11,110.48975333998946
RA_179.36DEC-32.55,12,105.21474839932785
RA_179.37DEC-31.51,12,166.98181538202286
RA_179.40DEC-32.96,12,632.9180471063402
RA_179.48DEC-30.67,11,103.45369790668624
RA_179.48DEC-31.37,11,130.50879026675082
RA_179.52DEC-31.65,11,970.1440218949108
RA_179.61DEC-33.14,11,144.80359862890367
RA_213.57DEC19.97,18,101.6690943230515
RA_285.68DEC18.37,18,207.4620721434254
RA_285.85DEC23.63,22,283.0654758290188
RA_285.93DEC23.36,22,348.97614295395664
RA_286.09DEC18.76,28,159.635250683812
RA_286.14DEC23.74,19,240.97314734813756
RA_286.16DEC23.33,20,750.805456819398
RA_286.16DEC23.77,18,94.96509299764674
RA_286.20DEC23.32,20,253.2769989547729
RA_286.22DEC19.14,34,1227.9986311275588
RA_286.23DEC19.27,33,718.7778866396974
RA_286.28DEC23.08,20,193.0647530077597
RA_286.29DEC23.43,18,175.14208178133475
RA_286.35DEC22.79,20,132.6065090370174
RA_286.37DEC20.02,29,155.88982002091714
RA_286.44DEC19.08,32,103.11382230199104
RA_286.46DEC20.36,25,77.26680431215964
RA_286.48DEC19.11,28,80.35591988078404
RA_286.52DEC20.35,24,79.54190766708871
RA_286.53DEC21.93,21,89.25796022556005
RA_286.55DEC19.72,29,126.86725444676615
RA_286.57DEC20.65,25,258.0225847653397
RA_286.60DEC21.16,23,238.6525398818769
RA_286.60DEC21.39,23,151.7284045744248
RA_286.60DEC22.73,18,212.1993437661856
RA_286.63DEC20.97,23,83.61604768496501
RA_286.64DEC22.89,17,605.151164957907
RA_286.69DEC19.31,29,129.82117016045052
RA_286.71DEC23.82,13,435.1246947760186
RA_286.72DEC22.17,19,722.3150892259663
RA_286.72DEC22.39,18,231.0448947660117
RA_286.78DEC22.58,17,642.156074920404
RA_286.85DEC20.43,23,616.0710718108054
RA_286.85DEC23.99,10,102.54430147841296
RA_286.86DEC23.92,11,144.05607948620977
RA_286.89DEC18.56,15,528.3253435824656
RA_286.91DEC21.25,16,78.86702181145108
RA_286.95DEC19.67,25,108.28438524875902
RA_286.97DEC19.86,24,467.262625167178
RA_287.00DEC20.44,22,150.2553939803978
RA_287.01DEC21.70,17,1638.2498753011434
RA_287.04DEC21.78,17,613.2799027860062
RA_287.09DEC20.21,22,99.63485061176654
RA_287.22DEC20.37,20,137.32864598031
RA_287.23DEC18.61,13,181.9702906006776
RA_287.23DEC19.23,24,130.62332280677083
RA_287.33DEC22.99,10,293.3209096416555
RA_287.39DEC20.26,19,93.40526316193636
RA_287.59DEC20.50,16,138.34241440942765
RA_287.60DEC20.19,17,136.57213105543778
RA_287.68DEC19.81,17,97.44607619333696
RA_287.69DEC21.19,13,321.803517075039
RA_287.70DEC19.74,17,254.88078747188345
RA_287.70DEC21.27,12,188.89769997515532
RA_287.76DEC19.02,19,109.03755464962414
RA_287.84DEC21.26,11,307.1166068437696
RA_287.92DEC19.43,16,86.35314659244828
RA_288.10DEC20.51,11,109.29068523568203
RA_288.12DEC19.21,15,116.80185962037964
RA_288.26DEC19.14,14,153.28556420108154
RA_288.57DEC19.06,11,427.0810261855468
RA_295.35DEC10.20,10,300.2801396279153
RA_295.46DEC9.84,11,168.11896696306968
RA_295.50DEC9.62,12,266.6009906069697
RA_295.53DEC9.99,12,471.9390604392394
RA_295.55DEC10.15,11,127.19453305027186
RA_295.58DEC9.65,13,125.93876410744588
RA_295.65DEC10.14,14,163.70627439600847
RA_295.67DEC9.74,14,213.90786715283016
RA_295.73DEC9.76,14,187.28154665185795
RA_295.77DEC9.49,15,694.8847957990222
RA_295.81DEC9.26,13,101.56014446525856
RA_295.88DEC9.71,16,246.72042099935285
RA_295.90DEC9.36,16,155.9723248043947
RA_295.99DEC9.59,17,118.45126682683888
RA_296.05DEC9.43,17,152.1055534691803
RA_296.09DEC9.09,19,475.38606142970025
RA_296.12DEC9.42,16,93.32929586785592
RA_296.14DEC9.12,19,127.11194613324692
RA_296.15DEC9.91,16,98.06362916371194
RA_296.20DEC10.21,16,106.74310926283404
RA_296.22DEC9.56,16,96.88772818560568
RA_296.27DEC9.27,21,196.01578274334284
RA_296.30DEC10.21,16,102.5985566978436
RA_296.34DEC10.14,22,141.07275324930308
RA_296.35DEC9.58,22,124.60849680351838
RA_296.37DEC10.23,13,230.74239381022588
RA_296.62DEC9.98,22,99.1625450982243
RA_296.64DEC9.74,25,287.6838279423862
RA_296.76DEC9.58,19,95.93432559251096
RA_296.83DEC9.66,28,611.5480274973697
RA_296.84DEC9.63,28,290.5491543361319
RA_296.86DEC9.56,28,234.76909757838771
RA_296.87DEC9.87,28,115.10590902052706
RA_296.88DEC10.12,28,177.05178472856838
RA_296.89DEC9.50,28,134.5094745129549
RA_296.91DEC9.92,26,123.83561040226977
RA_297.05DEC9.31,30,169.31861959133772
RA_297.07DEC9.84,28,112.69330709419478
RA_297.09DEC9.54,28,121.24216842355538
RA_297.18DEC9.62,29,126.62151001613152
RA_297.31DEC9.91,30,147.89868240116095
RA_297.33DEC9.57,34,158.18020104852084
RA_297.36DEC9.89,25,91.51241923442736
RA_297.38DEC10.07,20,87.7115478453326
RA_297.39DEC10.19,25,114.72893342618428
RA_297.40DEC9.64,23,91.1421583260878
RA_297.45DEC9.78,30,138.3645813852495
RA_297.51DEC10.01,30,130.29299020134124
RA_297.71DEC10.15,24,110.62441775904016
RA_297.71DEC9.87,29,117.2603559877708
RA_297.74DEC9.64,26,92.51493113479977
RA_297.76DEC10.10,39,238.92058615676288
RA_297.83DEC9.95,30,115.85195709060324
RA_297.87DEC10.06,19,99.00011805421322
RA_297.90DEC9.57,26,94.4573476338479
RA_297.94DEC9.46,34,118.33648465888946
RA_297.94DEC9.55,41,649.451447865902
RA_298.19DEC10.19,32,118.14585932352708
RA_298.22DEC10.10,16,84.8455357338815
RA_298.25DEC9.81,37,108.39842804715758
RA_298.25DEC9.85,27,116.25051248398393
RA_298.30DEC9.94,44,139.60730092580272
RA_298.37DEC10.10,33,102.15567307056384
RA_298.55DEC10.15,44,117.29948895068468
RA_298.64DEC10.09,33,95.17469616986315
RA_298.68DEC10.14,47,160.66757845902077
RA_302.17DEC6.59,23,111.57226570842168
RA_302.23DEC10.18,18,112.63348136755164
RA_302.23DEC6.69,22,293.3716504999883
RA_302.30DEC10.14,21,128.97965271254606
RA_302.35DEC10.01,16,123.7699834475124
RA_302.42DEC9.40,13,91.32218871399762
RA_302.53DEC8.44,19,1675.906075665796
RA_302.53DEC9.71,19,206.16965139861065
RA_302.54DEC9.30,19,160.54902832517485
RA_302.56DEC8.98,17,140.69643032411494
RA_302.57DEC9.26,18,381.4270947242632
RA_302.58DEC10.20,16,152.08569507692948
RA_302.65DEC9.39,17,222.2904327388005
RA_302.69DEC10.16,17,189.57617646877628
RA_302.72DEC10.02,16,244.9615792172104
RA_302.84DEC8.72,15,1571.9533362749348
RA_302.86DEC7.63,14,110.4928688221902
RA_302.88DEC8.60,14,200.47030548912787
RA_302.89DEC8.58,12,121.07348080127952
RA_302.93DEC7.40,14,345.7304030695888
RA_302.98DEC9.63,12,122.11301667549795
RA_302.99DEC9.54,13,192.696562079826
RA_303.01DEC7.65,10,107.92302739108945
RA_303.01DEC7.69,13,1589.9910326991485
RA_303.11DEC8.67,12,176.81157038957633
RA_303.13DEC9.95,12,394.73506260412336
RA_303.15DEC7.35,11,297.5988644666289
RA_303.17DEC8.49,11,135.48547277931127
RA_303.22DEC9.98,10,221.12028222920472
RA_303.25DEC7.35,10,174.364697254036
RA_303.28DEC8.34,10,132.9592876262711
RA_303.28DEC9.14,10,404.6654705033879
RA_311.34DEC7.04,23,177.47437692714695
RA_311.37DEC9.83,16,68.46932183723655
RA_311.42DEC7.15,22,114.19194811036046
RA_311.49DEC7.38,22,603.1783801204157
RA_311.53DEC9.21,21,100.44389618731118
RA_311.56DEC8.37,20,66.10513339775784
RA_311.57DEC7.01,21,81.81434648805137
RA_311.61DEC10.16,14,71.23299186945317
RA_311.65DEC9.87,20,157.24822559239567
RA_311.68DEC7.44,19,123.09395742831325
RA_311.71DEC7.55,19,173.8648007652134
RA_311.71DEC8.57,19,133.46271780110362
RA_311.71DEC9.68,19,165.8210621798599
RA_311.76DEC8.12,19,178.39359237977857
RA_311.82DEC8.30,18,73.84765953497234
RA_311.85DEC8.01,17,77.57441938353702
RA_311.87DEC6.81,17,228.4900116966396
RA_311.88DEC9.87,17,349.31117573461626
RA_311.91DEC6.98,17,417.5620302758589
RA_311.92DEC9.42,17,98.16366678782516
RA_312.09DEC7.59,14,562.6537769953685
RA_312.13DEC8.26,14,73.25018367001987
RA_312.15DEC9.47,14,368.51358526513553
RA_312.18DEC9.97,10,74.14626492364044
RA_312.21DEC9.49,13,158.89221650734513
RA_312.28DEC9.38,12,113.71635405374371
RA_312.35DEC7.61,11,75.36869407280193
RA_312.38DEC8.52,11,76.91266668562787
RA_312.39DEC8.70,11,264.08742303147824
RA_312.41DEC7.59,11,124.67514572714626
RA_312.45DEC7.86,10,982.2933783818628
RA_321.33DEC-9.89,13,94.86629306709597
RA_321.61DEC-10.92,10,276.9907047449457
RA_33.67DEC89.27,18,1478.1236180134897
RA_35.82DEC46.14,11,800.4751394473179
RA_36.12DEC46.36,13,117.69819972656266
RA_36.14DEC89.33,20,937.259419193183
RA_36.15DEC49.83,10,325.1963733022852
RA_36.21DEC49.76,16,190.2553871106948
RA_36.24DEC47.06,15,352.81226621661324
RA_36.29DEC46.50,14,165.24934481759473
RA_36.33DEC49.06,15,302.0547746285595
RA_36.42DEC47.71,13,142.10710318208857
RA_36.45DEC46.78,13,147.81600456109774
RA_36.46DEC46.86,11,117.11016360637785
RA_36.53DEC49.23,13,309.1225996069747
RA_36.57DEC46.55,12,265.5714669232218
RA_36.58DEC47.06,11,117.2229518096634
RA_36.62DEC47.04,12,147.42880073249862
RA_36.63DEC49.70,13,218.7504110551567
RA_36.64DEC49.03,12,218.06680337212683
RA_36.65DEC46.30,11,226.15241617904175
RA_36.70DEC49.25,12,144.40556341184922
RA_36.74DEC48.21,11,143.28168128940845
RA_36.75DEC46.82,10,138.17558048520817
RA_36.76DEC49.07,12,132.52925113784622
RA_36.77DEC49.05,11,154.76606218108847
RA_36.79DEC46.32,10,214.25508495940957
RA_36.80DEC49.77,12,130.00717015369938
RA_36.81DEC48.15,11,129.9796314867936
RA_36.86DEC48.09,10,144.86360568380013
RA_36.88DEC49.73,11,181.0306611868976
RA_36.90DEC48.23,10,734.203456719649
RA_36.91DEC48.20,10,568.7346477125908
RA_39.88DEC10.04,34,148.94572429504993
RA_39.93DEC6.89,36,160.01043766564194
RA_40.01DEC7.77,35,242.89811381284002
RA_40.02DEC10.13,34,145.9266773178525
RA_40.05DEC7.88,35,169.2449476033957
RA_40.13DEC10.11,35,154.2712496620628
RA_40.16DEC9.51,34,193.14681873371435
RA_40.19DEC9.66,34,150.1338588385508
RA_40.23DEC8.24,34,542.1279779362043
RA_40.29DEC7.52,33,248.2079501916923
RA_40.31DEC9.77,33,153.75122858546865
RA_40.35DEC8.53,33,1522.4296502667078
RA_40.44DEC6.93,25,137.22794395295534
RA_40.44DEC7.69,32,362.79026289952736
RA_40.52DEC6.88,31,413.7575097138436
RA_40.53DEC8.21,20,130.31134187860133
RA_40.54DEC7.78,13,130.69696231269037
RA_40.61DEC6.98,31,184.55194794935417
RA_40.61DEC8.21,31,222.76899771025967
RA_40.65DEC7.29,30,402.1582086730718
RA_40.65DEC8.75,29,150.82368536199652
RA_40.65DEC9.13,30,186.3258425223113
RA_40.65DEC9.81,30,197.7194777392442
RA_40.84DEC9.55,25,139.02469247437918
RA_40.93DEC8.03,28,211.4639951743668
RA_40.93DEC9.63,27,138.99484179546064
RA_41.04DEC7.39,27,545.7913513268768
RA_41.08DEC8.51,27,175.47476520494467
RA_41.09DEC8.43,18,136.3373999342612
RA_41.11DEC9.23,27,428.62532459950114
RA_41.21DEC6.66,18,140.6607349767674
RA_41.22DEC7.22,26,263.4860728091714
RA_41.24DEC10.12,26,9440.815809123582
RA_41.30DEC7.47,25,206.22649565482476
RA_41.34DEC7.75,25,290.63924375974506
RA_41.35DEC8.99,25,184.96463155525657
RA_41.39DEC8.26,23,146.77089102113015
RA_41.41DEC6.56,24,516.7732871182162
RA_41.48DEC7.24,24,442.43398462526255
RA_41.57DEC6.49,18,143.65605827963563
RA_41.60DEC9.40,23,259.19242735059794
RA_41.69DEC8.80,22,217.170522277657
RA_41.70DEC8.24,22,261.1638993246974
RA_41.75DEC8.75,22,253.01188498122812
RA_41.77DEC7.27,22,190.68107479187637
RA_41.85DEC9.31,21,1067.037676833064
RA_41.87DEC7.63,21,218.24687624394565
RA_41.89DEC6.69,20,147.38192475534052
RA_41.93DEC10.09,16,155.87605384351707
RA_41.97DEC8.93,20,277.73391903500806
RA_42.00DEC8.90,20,332.0658870371788
RA_42.02DEC7.93,20,177.58587259573213
RA_42.03DEC6.84,19,228.93740659421067
RA_42.04DEC8.90,19,171.10458858544294
RA_42.06DEC7.31,19,219.1275522193263
RA_42.11DEC7.54,19,441.09830808990006
RA_42.12DEC7.33,19,513.8297143080702
RA_42.12DEC9.20,19,198.67972055616127
RA_42.13DEC8.56,19,276.91318518288745
RA_42.14DEC8.92,19,448.0436981710568
RA_42.21DEC6.57,18,504.06059357210466
RA_42.22DEC8.60,18,200.07706042318665
RA_42.29DEC9.42,17,172.08594126522854
RA_42.31DEC7.05,17,261.0075528982354
RA_42.32DEC9.50,17,187.65492585470437
RA_42.47DEC8.94,16,425.75738194787095
RA_42.56DEC6.68,15,259.536602423341
RA_42.56DEC9.16,15,226.87271815382573
RA_42.62DEC8.71,15,302.1559584380273
RA_42.73DEC6.51,14,327.85368024472666
RA_42.73DEC9.57,14,184.5185895024951
RA_42.80DEC8.29,13,496.30998326297635
RA_42.83DEC9.40,13,247.91947018954852
RA_42.90DEC7.55,13,525.4268090724908
RA_42.91DEC7.48,13,290.2855842801444
RA_43.02DEC8.45,12,178.275573427845
RA_43.02DEC9.89,12,204.14077982890925
RA_43.16DEC7.68,10,170.98454251543382
RA_43.21DEC8.61,10,432.9410318147655
RA_43.22DEC9.16,10,209.39848552417976
RA_43.29DEC7.71,10,257.8299762687929
RA_75.52DEC21.32,12,468.8531072268436
RA_75.70DEC22.98,18,145.25761386961315
RA_75.70DEC23.21,12,142.86398685086465
RA_75.77DEC21.59,50,7684.455922212286
RA_75.80DEC21.17,25,132.09155799540588
RA_75.82DEC20.93,20,461.6452287905825
RA_75.82DEC22.75,51,194.61195119070646
RA_75.91DEC23.65,11,253.0216251099949
RA_75.99DEC22.53,76,320.6893000477584
RA_76.06DEC23.65,17,125.49441548048262
RA_76.09DEC21.28,62,2986.839811778254
RA_76.09DEC21.64,76,685.6868806615123
RA_76.09DEC23.53,24,1063.318881615564
RA_76.14DEC23.65,22,776.967104100871
RA_76.20DEC23.92,14,859.9423894883937
RA_76.21DEC22.17,70,117.6610549710571
RA_76.23DEC23.57,34,287.4707297522527
RA_76.24DEC21.37,69,137.1138619696836
RA_76.29DEC23.49,55,155.97360178206213
RA_76.30DEC23.80,25,1268.4268690933418
RA_76.31DEC21.97,78,133.49003348813156
RA_76.32DEC20.87,50,139.35364133379045
RA_76.35DEC22.73,54,112.61230855858936
RA_76.41DEC23.06,70,1934.9834150824504
RA_76.41DEC23.51,55,141.2293400078425
RA_76.42DEC20.95,54,127.99663644667196
RA_76.45DEC21.55,74,123.4575717613989
RA_76.45DEC22.92,75,161.36209770639928
RA_76.46DEC22.31,98,217.51934916953226
RA_76.46DEC22.86,82,318.2209241579911
RA_76.48DEC20.73,48,230.88667735965
RA_76.49DEC22.48,89,153.1938100583138
RA_76.49DEC24.27,13,217.3751626945341
RA_76.58DEC23.50,56,144.44063683952837
RA_76.62DEC22.18,102,132.60625276818797
RA_76.67DEC22.51,125,1310.209649968489
RA_76.68DEC20.71,54,146.59553215994987
RA_76.72DEC21.80,122,125.0702363525087
RA_76.72DEC22.57,73,116.83335727720392
RA_76.73DEC22.74,64,112.80025007591443
RA_76.73DEC24.39,17,323.2177174066143
RA_76.74DEC23.11,91,174.62303119144792
RA_76.74DEC24.04,40,184.96242006409167
RA_76.77DEC23.57,61,180.52089342544542
RA_76.77DEC24.00,15,116.58342389767216
RA_76.79DEC22.39,149,430.68769511103136
RA_76.82DEC20.64,65,205.57824746212245
RA_76.83DEC22.85,80,127.04526786451675
RA_76.84DEC22.71,128,184.34491945545412
RA_76.85DEC23.04,111,195.05480447085577
RA_76.88DEC22.03,126,112.05321495298318
RA_76.91DEC23.28,100,259.0090651316106
RA_76.92DEC21.07,144,129.0354101751667
RA_76.94DEC24.10,97,158.7055178591479
RA_76.95DEC20.42,62,4988.634132599046
RA_76.95DEC21.69,218,266.41418829232515
RA_76.95DEC21.80,178,112.55205455128285
RA_76.95DEC23.68,57,119.86503049685477
RA_76.96DEC22.06,171,122.38330082696176
RA_76.98DEC20.14,30,122.85299325185464
RA_76.98DEC21.70,249,3224.4305678762516
RA_77.03DEC24.27,33,4734.700076874783
RA_77.06DEC21.81,239,392.0423572846038
RA_77.07DEC22.24,189,215.99603457346234
RA_77.08DEC23.22,165,404.12498461935206
RA_77.08DEC23.27,160,310.5834900034242
RA_77.10DEC22.04,226,529.3854289258067
RA_77.10DEC23.87,38,111.54711704776712
RA_77.13DEC22.00,110,105.889136832307
RA_77.17DEC22.24,112,103.93306822633086
RA_77.19DEC20.75,199,126.58612991230667
RA_77.19DEC21.50,246,458.4024320481059
RA_77.21DEC19.86,30,2169.6929661612844
RA_77.26DEC20.51,168,418.2270696363031
RA_77.26DEC22.89,198,200.05935210139265
RA_77.27DEC21.86,223,209.40829699357934
RA_77.27DEC23.68,382,268.43211424992865
RA_77.30DEC20.46,162,583.1528265682335
RA_77.31DEC24.47,25,132.7925987660957
RA_77.32DEC20.25,80,121.86329211046169
RA_77.36DEC22.12,224,230.99566745962028
RA_77.37DEC21.70,208,128.14907731783921
RA_77.37DEC22.50,69,111.10982995882168
RA_77.40DEC20.59,223,193.3991666432495
RA_77.42DEC21.08,222,120.49962578266344
RA_77.42DEC21.84,239,282.8319243746331
RA_77.42DEC23.30,432,243.23302943915502
RA_77.44DEC23.02,470,880.5618958392965
RA_77.45DEC21.92,210,128.98709760672907
RA_77.46DEC20.98,158,100.30589449969177
RA_77.47DEC21.82,242,251.93444722295996
RA_77.47DEC21.99,260,780.6609627910584
RA_77.47DEC23.03,443,179.66886127183093
RA_77.50DEC20.94,239,176.23923214767234
RA_77.54DEC22.49,465,206.15709727999575
RA_77.55DEC22.14,268,977.7744875746313
RA_77.58DEC21.98,261,409.62582657392215
RA_77.61DEC24.82,11,161.61172909531297
RA_77.63DEC23.23,374,95.44435541837566
RA_77.63DEC24.17,324,116.3260300377141
RA_77.64DEC22.46,518,130.6273640782836
RA_77.68DEC21.21,222,112.72746167802194
RA_77.68DEC21.55,231,118.51035708674333
RA_77.68DEC23.06,452,143.42130389557073
RA_77.70DEC19.68,43,108.87407142992187
RA_77.70DEC20.57,260,705.8717593401213
RA_77.72DEC21.35,256,169.5020658683784
RA_77.72DEC24.40,27,330.8345366125454
RA_77.74DEC21.79,305,476.92147272030905
RA_77.75DEC23.21,455,212.49706466904527
RA_77.79DEC23.11,456,140.51940135446625
RA_77.80DEC23.06,498,693.0048221012578
RA_77.82DEC22.12,595,615.7134970048817
RA_77.83DEC21.72,508,209.81139325398425
RA_77.83DEC22.36,573,563.1812957103936
RA_77.83DEC24.41,28,642.5265827149094
RA_77.85DEC24.28,301,113.5691937996666
RA_77.89DEC22.60,22,94.70354451747606
RA_77.93DEC21.52,584,133.84776977687648
RA_77.97DEC21.78,603,142.50201405577718
RA_77.98DEC19.93,156,419.0689953018252
RA_78.00DEC22.21,587,131.72509079881578
RA_78.01DEC19.95,153,199.43472944031043
RA_78.05DEC24.28,327,568.8933725732122
RA_78.06DEC20.13,173,153.98906790974786
RA_78.06DEC20.56,121,88.81457898978101
RA_78.06DEC20.57,71,115.71863217457496
RA_78.11DEC19.96,145,121.59635210551416
RA_78.12DEC22.15,98,85.90933839129848
RA_78.18DEC21.83,614,182.88963942276848
RA_78.18DEC23.89,143,87.61575385276494
RA_78.20DEC21.20,590,107.22484411855422
RA_78.20DEC23.47,209,117.69487361947468
RA_78.22DEC19.72,116,124.75943754487633
RA_78.22DEC21.80,207,82.98822745667833
RA_78.22DEC21.97,75,117.16785669690913
RA_78.23DEC21.97,389,81.03778198699383
RA_78.26DEC24.40,316,639.2326850302009
RA_78.30DEC21.18,578,99.25605071710164
RA_78.38DEC20.64,324,85.10624024522266
RA_78.39DEC24.01,144,96.10083289468963
RA_78.39DEC24.02,211,88.61391930910301
RA_78.44DEC24.54,103,89.36865884900033
RA_78.52DEC21.22,638,1260.6703501824275
RA_78.53DEC22.93,772,157.01040946840615
RA_78.54DEC21.93,175,89.61360123315875
RA_78.54DEC22.71,782,261.17527514606076
RA_78.55DEC20.16,486,91.84958375014088
RA_78.57DEC19.26,45,186.32944605207462
RA_78.57DEC19.88,355,161.88107453350776
RA_78.58DEC22.66,811,501.37021111713153
RA_78.59DEC20.28,205,91.65321905923072
RA_78.59DEC22.68,349,86.61300391700208
RA_78.63DEC20.05,490,131.864649961693
RA_78.64DEC21.91,609,181.4412238034949
RA_78.67DEC23.13,771,168.90887298156866
RA_78.69DEC21.17,530,96.66306425850217
RA_78.69DEC22.24,664,143.84184379166894
RA_78.71DEC20.88,613,161.27229881221575
RA_78.73DEC23.94,572,139.62211802668105
RA_78.78DEC23.79,621,150.67551618536632
RA_78.79DEC20.64,310,86.30204743655642
RA_78.79DEC21.48,626,265.9772148056685
RA_78.80DEC20.06,525,739.340472701828
RA_78.81DEC23.83,633,328.4427296641438
RA_78.83DEC24.52,314,169.33361537198954
RA_78.85DEC24.41,286,87.3048932611314
RA_78.87DEC19.43,368,112.12630549718975
RA_78.87DEC22.29,832,2617.320722210585
RA_78.87DEC24.18,520,112.62424233944357
RA_78.90DEC21.71,700,474.3206545080076
RA_78.93DEC19.73,436,344.8986660285055
RA_78.96DEC19.95,506,538.1520171226562
RA_78.97DEC23.18,777,174.1534995354392
RA_78.97DEC24.84,18,147.0052167311236
RA_78.98DEC21.82,659,94.87548348819543
RA_78.99DEC20.13,563,936.9195519773325
RA_79.03DEC21.19,578,100.09584563065422
RA_79.07DEC19.29,368,152.79560062918165
RA_79.15DEC21.23,397,88.20206720022446
RA_79.16DEC21.23,163,79.17470392094569
RA_79.17DEC24.12,525,237.56198460188176
RA_79.18DEC22.75,300,89.07590579351846
RA_79.19DEC18.91,197,89.57827210683168
RA_79.20DEC19.30,369,229.19906220165177
RA_79.21DEC20.12,551,818.5342523113849
RA_79.24DEC25.12,18,186.29062880053377
RA_79.30DEC23.09,577,96.94470435943708
RA_79.32DEC21.79,798,127.83164493294935
RA_79.33DEC22.78,803,173.0641306512927
RA_79.37DEC22.58,716,91.70248436032391
RA_79.38DEC20.13,552,1762.6331595451989
RA_79.38DEC22.83,825,302.16057294529975
RA_79.38DEC24.01,683,1547.1885740245598
RA_79.40DEC20.51,702,100.75528483491986
RA_79.40DEC21.68,807,171.33736400994255
RA_79.41DEC20.42,689,349.61742918635497
RA_79.41DEC20.54,804,289.20210277101063
RA_79.46DEC19.98,501,338.60549341259895
RA_79.49DEC20.24,660,140.9002610639285
RA_79.49DEC25.07,15,112.46561498188538
RA_79.50DEC23.84,365,93.88367763382323
RA_79.50DEC23.85,196,92.47880615028714
RA_79.52DEC22.83,636,92.78154603636379
RA_79.53DEC23.01,690,94.91215322325598
RA_79.55DEC19.32,381,128.03657817075833
RA_79.56DEC21.83,206,83.10347998811388
RA_79.57DEC21.84,319,81.48539308462182
RA_79.57DEC21.98,783,109.5105202116766
RA_79.59DEC20.52,816,222.8133359772609
RA_79.59DEC21.28,804,133.42764867310225
RA_79.59DEC24.66,314,172.8797242458663
RA_79.61DEC24.21,573,110.52260666299576
RA_79.62DEC18.91,23,173.69330154761138
RA_79.63DEC21.79,832,1208.3774636545002
RA_79.66DEC21.50,17,73.03047638105129
RA_79.73DEC23.08,729,92.01030161517207
RA_79.76DEC19.06,244,187.55729373608037
RA_79.76DEC20.43,821,357.4480220703177
RA_79.76DEC24.76,314,376.23435209259196
RA_79.77DEC19.69,594,269.71496912305275
RA_79.79DEC21.71,813,200.39871144659804
RA_79.80DEC22.94,725,91.36239229672883
RA_79.81DEC20.13,764,2965.5277642003352
RA_79.81DEC20.27,693,90.01074294206542
RA_79.82DEC22.10,832,6387.461686474982
RA_79.83DEC21.75,795,109.12714681568985
RA_79.86DEC20.22,785,259.5323938776403
RA_79.87DEC24.65,447,235.79550531812873
RA_79.88DEC20.87,342,76.09392831593749
RA_79.88DEC21.01,804,157.34943704187057
RA_79.89DEC23.42,749,127.4181349994675
RA_79.89DEC23.43,101,160.7494750704612
RA_79.90DEC21.59,812,207.78155569151568
RA_79.91DEC19.76,622,112.9085612772965
RA_79.92DEC19.54,269,81.16484729600825
RA_79.92DEC20.64,625,89.59445425822433
RA_80.00DEC24.42,557,141.0803833710189
RA_80.02DEC21.15,820,237.57986281129652
RA_80.02DEC24.14,231,81.88303060194421
RA_80.03DEC24.14,114,74.73188959254132
RA_80.04DEC24.50,472,92.75059066856186
RA_80.05DEC25.02,300,193.42497912288283
RA_80.06DEC20.18,152,75.418436756445
RA_80.08DEC19.58,587,1696.4637708559458
RA_80.08DEC25.17,10,404.1519115489796
RA_80.09DEC23.16,786,101.58341216393939
RA_80.11DEC19.86,399,80.57117033330657
RA_80.13DEC23.30,793,113.7492654594884
RA_80.15DEC20.96,820,305.7517350113869
RA_80.15DEC21.08,792,104.84199667518189
RA_80.15DEC21.55,753,116.5284411117058
RA_80.15DEC24.11,675,284.2073053736035
RA_80.16DEC20.83,840,811.4604778072629
RA_80.17DEC19.96,642,135.2467791025588
RA_80.18DEC22.83,782,107.34402825997576
RA_80.18DEC23.74,739,115.9325827517315
RA_80.21DEC20.68,723,88.03598522267855
RA_80.23DEC24.04,629,426.1316276239334
RA_80.24DEC19.81,610,2753.6218015797604
RA_80.27DEC19.03,228,157.6638719671005
RA_80.37DEC19.30,250,95.66413510680769
RA_80.42DEC18.91,157,686.0132017707949
RA_80.45DEC23.28,775,110.77428572705395
RA_80.46DEC20.93,829,196.89999557808994
RA_80.49DEC22.96,828,383.2058661594302
RA_80.50DEC22.17,383,83.15872726498935
RA_80.54DEC20.13,684,204.12134198327445
RA_80.54DEC20.94,814,128.35935177372102
RA_80.56DEC19.83,588,343.1297989184945
RA_80.56DEC21.22,839,387.2270646605313
RA_80.60DEC20.06,628,156.72654495352063
RA_80.63DEC22.17,823,245.76848705847456
RA_80.65DEC18.86,11,130.57676882015667
RA_80.66DEC20.92,821,151.18952719835085
RA_80.66DEC22.81,147,74.36598276999999
RA_80.67DEC20.44,319,79.7873844066916
RA_80.69DEC19.01,153,770.6736192224259
RA_80.69DEC19.25,222,116.82162181682939
RA_80.70DEC25.10,192,101.40030601612061
RA_80.72DEC20.13,636,101.73603825638313
RA_80.73DEC20.85,807,117.49252228565796
RA_80.74DEC21.42,43,56.42104538932165
RA_80.85DEC20.57,811,197.39764375884596
RA_80.89DEC20.68,801,124.53326266794427
RA_80.90DEC23.55,743,98.76845776502378
RA_80.94DEC20.58,826,348.24801157614473
RA_80.98DEC20.40,747,397.97665952083196
RA_80.99DEC19.98,144,77.43908704104872
RA_80.99DEC20.00,610,417.90952734949263
RA_81.00DEC19.98,284,89.87489000407115
RA_81.01DEC24.96,216,627.7358942376549
RA_81.02DEC19.34,194,216.14202835475845
RA_81.04DEC23.11,496,102.22727101873842
RA_81.05DEC21.01,547,185.4107218005524
RA_81.05DEC22.14,545,183.4420581681255
RA_81.06DEC20.14,650,521.2740037170496
RA_81.08DEC22.31,560,340.8443249361016
RA_81.17DEC21.51,539,148.83080396412987
RA_81.18DEC20.88,545,211.8872624002367
RA_81.19DEC20.42,65,157.11909621670117
RA_81.19DEC20.43,425,151.41596289450632
RA_81.20DEC19.17,138,131.55754296664227
RA_81.20DEC23.59,500,153.91864516993994
RA_81.20DEC24.11,481,334.91084839017475
RA_81.21DEC22.97,530,191.1556279707151
RA_81.22DEC22.10,554,351.6387967585359
RA_81.24DEC19.19,127,118.59949506510864
RA_81.24DEC21.75,466,86.01998135348565
RA_81.29DEC20.58,478,1723.52862179592
RA_81.29DEC22.66,267,75.36718963413729
RA_81.33DEC22.11,482,89.42912196850115
RA_81.36DEC21.86,473,92.51342632001686
RA_81.37DEC21.18,280,72.79055162970413
RA_81.37DEC21.78,535,132.71662328810544
RA_81.38DEC20.42,333,86.29239608492851
RA_81.38DEC21.92,526,129.15263704605206
RA_81.39DEC19.34,194,178.7882026542503
RA_81.42DEC22.19,429,103.89465616317001
RA_81.43DEC22.19,62,122.27754417647786
RA_81.44DEC-35.58,44,258.0766124233804
RA_81.46DEC21.13,554,320.8932452154576
RA_81.48DEC21.79,560,409.20276899497827
RA_81.49DEC23.76,81,80.8752972231005
RA_81.51DEC21.23,431,83.39720079810206
RA_81.52DEC22.82,508,196.7673760938288
RA_81.53DEC-35.50,44,167.96398316484436
RA_81.53DEC19.46,190,99.98386152146352
RA_81.53DEC22.70,420,100.35713282026391
RA_81.57DEC24.09,133,275.4239815926012
RA_81.59DEC19.97,302,118.75343641123425
RA_81.62DEC19.80,285,92.25588170601702
RA_81.63DEC23.05,184,130.1559743025966
RA_81.68DEC22.55,407,86.77799004287802
RA_81.68DEC25.01,201,386.30980440418665
RA_81.68DEC25.29,13,145.12257490528722
RA_81.70DEC21.20,492,172.97651608069168
RA_81.72DEC23.01,174,120.3539508186464
RA_81.73DEC-35.02,40,94.27936703573906
RA_81.73DEC22.03,531,147.74965142271665
RA_81.75DEC-34.61,44,188.078101104665
RA_81.75DEC22.96,209,312.3833366488573
RA_81.76DEC20.56,336,111.77965237590664
RA_81.76DEC22.39,518,124.79701422016882
RA_81.77DEC-32.93,44,133.0503525637682
RA_81.79DEC24.21,98,196.18491897136673
RA_81.82DEC-33.88,44,117.56340809731914
RA_81.82DEC20.00,308,160.55402963867397
RA_81.83DEC23.11,206,704.6584463432889
RA_81.86DEC21.48,523,354.61691770859983
RA_81.86DEC25.17,99,115.03350102005489
RA_81.88DEC20.69,355,130.71419360979212
RA_81.88DEC22.02,266,75.91273566742724
RA_81.89DEC-35.00,44,139.37074185066678
RA_81.90DEC-33.80,44,105.15185103968652
RA_81.91DEC21.94,533,6306.713682080781
RA_81.93DEC24.33,39,169.26272646792
RA_81.95DEC22.38,111,83.69111553647693
RA_81.96DEC20.85,386,202.04516995647398
RA_81.98DEC21.45,349,215.04921878413347
RA_81.98DEC23.29,191,489.57496156684675
RA_82.00DEC-33.87,31,84.95135255535384
RA_82.00DEC21.42,141,110.0472204925263
RA_82.02DEC22.93,199,337.91684457343734
RA_82.03DEC-34.10,42,89.48713695328668
RA_82.04DEC-35.46,44,145.91364934019478
RA_82.05DEC21.92,32,143.61225724531425
RA_82.07DEC20.96,236,109.50468834656003
RA_82.08DEC21.44,15,302.8727032115849
RA_82.09DEC21.90,22,159.44723854769694
RA_82.15DEC-33.46,44,118.34993878055276
RA_82.15DEC-34.95,27,84.34795787632326
RA_82.16DEC21.52,13,384.0168063712967
RA_82.17DEC-33.44,44,115.74786634916451
RA_82.20DEC23.96,74,271.4241869747724
RA_82.24DEC-3.31,44,2528.648952095155
RA_82.24DEC20.05,204,140.6599630293845
RA_82.24DEC20.06,107,143.08413138447148
RA_82.24DEC20.44,58,1080.4678231888615
RA_82.27DEC20.05,321,366.25202667584153
RA_82.28DEC20.19,320,213.5047311245093
RA_82.28DEC24.22,15,153.06154397632025
RA_82.29DEC-34.79,44,364.9467734306491
RA_82.35DEC-3.44,44,4282.687414787605
RA_82.37DEC-34.78,40,85.66276365252716
RA_82.44DEC-35.54,39,88.10006552832978
RA_82.48DEC-3.96,36,200.43151878155183
RA_82.51DEC-32.46,44,363.6527706347052
RA_82.53DEC-5.91,45,292.7091021966377
RA_82.53DEC-6.60,45,231.77336983300185
RA_82.54DEC-5.20,44,478.7046572165337
RA_82.55DEC-33.34,44,107.16447354592955
RA_82.55DEC-6.28,44,394.6937644214337
RA_82.57DEC-5.99,44,1030.2501397155638
RA_82.57DEC-6.34,44,222.71666867895848
RA_82.58DEC-3.93,27,199.8516204353114
RA_82.59DEC-3.30,44,785.2843712608162
RA_82.60DEC-35.39,44,144.33612075548427
RA_82.61DEC-3.61,44,263.300348645612
RA_82.61DEC-32.25,44,178.00734955721188
RA_82.61DEC-33.54,44,394.8274444180172
RA_82.61DEC-6.21,44,435.7680074181886
RA_82.67DEC22.53,30,87.56681640832228
RA_82.68DEC-5.49,44,370.3702538545333
RA_82.72DEC-35.15,44,105.56736895225755
RA_82.72DEC-4.25,44,1108.277688453834
RA_82.74DEC-4.69,29,204.5771521932976
RA_82.75DEC-3.59,29,190.3680321914683
RA_82.75DEC-4.60,44,292.69524846369285
RA_82.75DEC-6.19,44,701.2001455625027
RA_82.77DEC-3.32,44,427.7412489958078
RA_82.77DEC-3.93,44,282.33081950624324
RA_82.78DEC-4.81,45,588.249720039727
RA_82.79DEC-5.12,44,223.48999598926127
RA_82.80DEC-32.79,44,367.9010206588876
RA_82.83DEC-4.92,35,198.2896086744053
RA_82.83DEC-5.70,44,296.8812299562415
RA_82.84DEC-6.17,27,195.4698597201852
RA_82.84DEC-6.71,44,2768.932857192516
RA_82.85DEC-3.92,44,248.38763786535876
RA_82.86DEC-3.53,25,195.08951822015624
RA_82.87DEC-3.69,44,1102.218413014458
RA_82.89DEC-5.05,44,275.28745067683946
RA_82.91DEC-3.45,44,274.6367802346821
RA_82.92DEC-34.76,44,128.55739565820522
RA_82.92DEC-35.15,42,97.46070614486597
RA_82.93DEC-3.22,42,2307.474844142689
RA_82.93DEC-33.38,44,678.3307409335897
RA_82.94DEC-4.27,44,244.13208635340325
RA_82.97DEC-3.62,43,222.08169928030864
RA_82.97DEC-4.27,41,206.46459071487257
RA_83.00DEC-3.96,30,192.55297599445944
RA_83.03DEC-6.71,44,891.3272643242551
RA_83.06DEC-3.26,34,204.002337857369
RA_83.06DEC-4.17,43,875.5799052395093
RA_83.06DEC-4.32,43,472.01960774581465
RA_83.06DEC-4.52,43,707.8180375459328
RA_83.07DEC-3.56,43,284.34922223138204
RA_83.07DEC-3.85,43,242.721545971415
RA_83.07DEC-32.52,39,84.62856017929322
RA_83.07DEC-35.30,44,112.02423441541076
RA_83.07DEC-5.81,22,193.431915629364
RA_83.07DEC-6.13,38,200.7793869032478
RA_83.07DEC-6.40,43,763.4219357043215
RA_83.08DEC-6.39,43,781.7699554064453
RA_83.09DEC-4.45,42,209.45392806725076
RA_83.10DEC-6.72,34,194.26861738367057
RA_83.11DEC-4.57,43,450.5094245077056
RA_83.11DEC-6.30,43,292.5076100287655
RA_83.14DEC-34.11,27,73.25936847887259
RA_83.16DEC-6.00,43,297.5086873063601
RA_83.17DEC-6.88,43,305.080219236267
RA_83.19DEC-4.96,42,454.8762889754128
RA_83.22DEC-5.16,41,221.72481626433267
RA_83.22DEC-6.49,42,498.9744970390786
RA_83.22DEC-6.51,42,560.0651589014665
RA_83.24DEC-4.57,42,1110.4487842932565
RA_83.25DEC-34.98,44,131.64996898653783
RA_83.26DEC-34.41,44,174.4045470048756
RA_83.26DEC-35.47,32,92.43309139708548
RA_83.28DEC-35.44,44,142.5691155683647
RA_83.28DEC-5.34,42,505.3860958248154
RA_83.31DEC-32.96,44,240.8550033044204
RA_83.31DEC-4.63,41,471.12269966346776
RA_83.32DEC-4.35,41,400.6689926880192
RA_83.32DEC-6.11,36,198.83650574981877
RA_83.32DEC22.72,30,67.06590236185963
RA_83.33DEC-34.23,44,121.5635438623186
RA_83.35DEC-6.71,41,243.9983647075706
RA_83.36DEC-6.53,41,565.5210637934331
RA_83.37DEC-6.05,41,238.84332772068575
RA_83.40DEC-34.46,33,82.01984757289688
RA_83.40DEC-6.38,41,277.83958520567774
RA_83.41DEC-3.46,40,2338.026662990668
RA_83.41DEC-32.52,44,123.53485769571454
RA_83.42DEC-3.62,40,331.9062699539027
RA_83.42DEC-33.32,44,101.56190487290468
RA_83.42DEC-5.01,32,193.6625294514862
RA_83.43DEC-3.55,39,204.53055296705463
RA_83.44DEC-5.16,40,278.3583651437329
RA_83.46DEC-6.92,26,225.8784721460141
RA_83.47DEC-6.62,40,271.5316597048367
RA_83.48DEC-5.61,40,471.3947206882784
RA_83.48DEC-5.65,40,263.5441064537478
RA_83.53DEC-6.84,40,482.0999230519841
RA_83.54DEC-3.44,39,419.6461784202156
RA_83.55DEC-3.24,29,203.490436518727
RA_83.55DEC-34.76,44,188.70389793209858
RA_83.55DEC-5.38,39,370.87701699948855
RA_83.56DEC-33.50,44,110.12236400866765
RA_83.56DEC-5.20,19,219.63584536245776
RA_83.56DEC-5.62,39,265.30442761603604
RA_83.56DEC-6.86,40,229.0073526351549
RA_83.60DEC-4.80,39,1923.8172471571654
RA_83.60DEC-5.37,36,589.696637922382
RA_83.61DEC-4.37,39,719.725648227176
RA_83.62DEC-4.41,26,236.6154449289194
RA_83.62DEC-4.55,39,279.73264044439543
RA_83.62DEC-5.46,22,406.08103338980277
RA_83.64DEC-35.40,44,290.11000412654784
RA_83.64DEC-4.49,39,1223.7823220268754
RA_83.64DEC-5.05,38,208.8051257729282
RA_83.64DEC-5.72,39,412.3434419746209
RA_83.65DEC-5.69,39,433.7070491628085
RA_83.66DEC-5.41,18,665.8444002006681
RA_83.67DEC-3.68,38,1096.2475135762086
RA_83.68DEC-4.39,38,1409.1577336506964
RA_83.68DEC-5.12,38,284.71486019152815
RA_83.68DEC-5.31,32,627.1743985468744
RA_83.68DEC-5.99,36,307.81404665690445
RA_83.70DEC-5.57,38,1004.3541678939797
RA_83.71DEC-5.31,38,795.0747761160463
RA_83.71DEC-6.00,38,924.1108354224704
RA_83.72DEC-5.55,38,394.5636849444545
RA_83.73DEC-4.11,38,2061.003340344136
RA_83.73DEC-4.34,38,738.6658124595674
RA_83.73DEC-4.76,38,486.91896179506256
RA_83.73DEC-5.50,38,780.8704172456407
RA_83.75DEC-35.37,44,129.68669955203373
RA_83.75DEC-4.35,38,1182.781208914785
RA_83.75DEC-4.52,38,284.9827318483983
RA_83.75DEC-5.42,25,1566.0856726604602
RA_83.76DEC-33.59,44,585.0049432887921
RA_83.76DEC-5.09,31,270.9206642170586
RA_83.76DEC-6.01,37,10985.644357507714
RA_83.77DEC-33.09,44,138.82665765413557
RA_83.77DEC-4.38,38,459.9946079265708
RA_83.77DEC-4.73,38,1655.3837636827743
RA_83.77DEC-5.25,17,455.64652364572976
RA_83.77DEC-5.98,38,4141.423016706171
RA_83.77DEC-6.00,31,11009.494692411448
RA_83.77DEC-6.28,38,231.95857926028165
RA_83.78DEC-5.20,38,996.5302315793231
RA_83.78DEC-5.87,38,553.4087992797664
RA_83.79DEC-3.71,37,386.9391534279987
RA_83.79DEC-5.46,38,1760.6119416580254
RA_83.79DEC-6.03,34,614.1890376068102
RA_83.79DEC-6.56,38,403.42229191027707
RA_83.80DEC-33.57,44,361.3201775867316
RA_83.80DEC-4.59,37,422.4633009609851
RA_83.80DEC-4.86,37,558.5308458292295
RA_83.80DEC-5.93,38,1542.986559848738
RA_83.81DEC-5.38,37,16180.045829538998
RA_83.81DEC-5.83,37,733.8866042179585
RA_83.82DEC-35.81,44,174.1733303090958
RA_83.82DEC-4.68,37,489.14818867188313
RA_83.82DEC-5.06,37,328.4182911612713
RA_83.82DEC-6.03,37,1594.808012467337
RA_83.83DEC-32.90,44,417.6463444888804
RA_83.84DEC-4.42,37,3028.2282211703964
RA_83.84DEC-4.49,37,2387.3337959106
RA_83.84DEC-5.15,37,314.2006821776968
RA_83.84DEC-5.42,35,13792.275159473058
RA_83.85DEC-4.84,37,8915.919805648173
RA_83.86DEC-33.17,44,147.2296969304004
RA_83.86DEC-5.80,37,400.28939881289415
RA_83.86DEC-5.85,37,727.4558021257034
RA_83.86DEC-5.91,37,23442.21003502893
RA_83.87DEC-3.40,37,223.72338739036522
RA_83.87DEC-5.41,37,8164.0790116156695
RA_83.88DEC-4.36,37,2889.6620218069866
RA_83.88DEC-4.90,37,543.6563570458306
RA_83.88DEC-5.27,37,3375.0287052341864
RA_83.88DEC-5.55,37,485.40523481551804
RA_83.89DEC-3.56,37,303.90556381561487
RA_83.89DEC-4.84,37,1839.16821047058
RA_83.89DEC-5.10,37,339.72740408183574
RA_83.89DEC-5.42,37,2800.5662282475128
RA_83.90DEC-3.25,37,2599.6856403632587
RA_83.90DEC-5.20,37,356.9719403245237
RA_83.90DEC-6.08,37,328.7668225618819
RA_83.91DEC-3.58,37,336.500317081268
RA_83.91DEC-32.40,44,189.1163143684116
RA_83.91DEC-4.86,37,6046.874986755222
RA_83.92DEC-3.31,36,597.4895472530421
RA_83.92DEC-6.74,37,237.0130509005625
RA_83.93DEC-32.52,44,107.9484233861329
RA_83.93DEC-34.14,44,119.37819642557639
RA_83.94DEC-6.01,36,447.0104416780702
RA_83.95DEC-6.70,36,225.69561363536647
RA_83.96DEC-32.81,44,165.74391516130095
RA_83.96DEC-5.48,36,649.6085428819656
RA_83.98DEC-5.63,36,1697.314599523719
RA_83.99DEC-5.37,36,490.83305635143563
RA_84.00DEC-33.79,44,93.3960277052664
RA_84.00DEC-4.93,29,224.71663171968268
RA_84.00DEC-6.28,36,586.048839459229
RA_84.01DEC-4.75,36,271.86912404351426
RA_84.03DEC-4.43,36,1518.3871702071594
RA_84.03DEC-6.33,35,251.04158907243462
RA_84.05DEC-5.06,36,320.78085905207377
RA_84.06DEC-5.65,35,2386.564554835371
RA_84.11DEC-5.41,35,373.0779932812912
RA_84.11DEC-6.71,19,238.69482457980294
RA_84.12DEC-5.77,35,495.73079490010144
RA_84.13DEC-6.45,35,671.4420396616139
RA_84.14DEC-3.70,26,196.1930689985765
RA_84.14DEC-32.67,44,260.84216051659024
RA_84.15DEC-33.96,44,183.95474859641612
RA_84.15DEC-6.07,35,4234.249803874985
RA_84.16DEC-5.13,35,350.3712279526975
RA_84.16DEC-6.42,27,195.7234394038052
RA_84.17DEC-3.50,34,257.58048164826914
RA_84.18DEC-3.29,34,782.3317313743705
RA_84.18DEC23.94,81,64.58111474958513
RA_84.19DEC-33.67,44,87.71539015096359
RA_84.19DEC-35.02,36,81.55587950801053
RA_84.19DEC-35.70,44,98.0344482032669
RA_84.24DEC-5.87,34,279.5334586576424
RA_84.25DEC-34.24,44,180.91249226785013
RA_84.25DEC-6.15,34,267.4205449873368
RA_84.25DEC22.20,53,62.066555437386064
RA_84.30DEC-3.43,31,211.19462295075965
RA_84.31DEC-3.52,33,290.71955001637696
RA_84.31DEC-3.84,33,226.6520451961844
RA_84.31DEC-6.58,34,252.38979940569686
RA_84.37DEC-5.94,33,3390.3250930228896
RA_84.40DEC-4.93,33,1500.963764691776
RA_84.41DEC-3.65,33,241.083995755882
RA_84.41DEC-35.53,44,102.16150055552724
RA_84.42DEC-3.94,32,234.68574984718052
RA_84.42DEC-34.96,44,122.33566490965735
RA_84.42DEC-5.09,33,237.85595834835948
RA_84.43DEC21.16,15,280.67722487462163
RA_84.45DEC-6.71,32,504.6416292603379
RA_84.46DEC-6.48,32,278.8267870072225
RA_84.46DEC-6.72,32,665.5298870596886
RA_84.47DEC-4.81,32,3118.926843737901
RA_84.48DEC-4.79,22,271.21860041125683
RA_84.51DEC-6.24,32,296.47733688520907
RA_84.51DEC-6.39,32,563.8818433139189
RA_84.53DEC-32.89,44,122.21508273012742
RA_84.54DEC-6.43,32,240.3427654635345
RA_84.56DEC-3.33,31,233.29809403856055
RA_84.56DEC-3.35,29,222.34440714979308
RA_84.56DEC-4.11,31,1813.2773287722755
RA_84.56DEC-5.42,31,252.9358154737409
RA_84.57DEC-35.47,44,188.63615546662683
RA_84.58DEC-3.55,31,429.8157675878938
RA_84.58DEC-6.13,31,468.0428516686132
RA_84.61DEC-5.04,31,1015.550290906232
RA_84.62DEC-6.43,27,195.54290627008956
RA_84.63DEC-5.12,31,283.9010763549947
RA_84.64DEC-34.25,44,106.97601743907884
RA_84.64DEC-6.57,22,2554.15669502592
RA_84.65DEC-5.18,31,332.28522698086505
RA_84.65DEC-6.16,31,630.0680339810674
RA_84.66DEC-4.68,31,269.28110747410216
RA_84.66DEC-6.57,31,3480.7087087957875
RA_84.67DEC-35.23,44,106.15170661077015
RA_84.67DEC-6.62,17,231.8057077794272
RA_84.68DEC-33.01,43,96.68308945850843
RA_84.70DEC-35.49,36,85.26351749145415
RA_84.71DEC-4.27,30,349.7048013841212
RA_84.72DEC-35.01,35,79.0948051282943
RA_84.76DEC-5.19,30,1063.631459695044
RA_84.76DEC-6.09,30,329.6854736215378
RA_84.76DEC-6.50,30,457.8877111356063
RA_84.77DEC-35.17,44,117.48931128708192
RA_84.77DEC-5.90,30,616.120054865239
RA_84.78DEC-32.40,44,112.77482583953427
RA_84.79DEC-6.10,30,325.722779596298
RA_84.82DEC-4.68,29,764.0282548104163
RA_84.84DEC-4.78,29,557.378086581002
RA_84.88DEC-3.56,29,3582.5792099225464
RA_84.88DEC-34.62,42,82.67945275821968
RA_84.88DEC-34.76,44,143.62047152829402
RA_84.90DEC-33.13,44,92.03936801181368
RA_84.91DEC-32.74,44,144.20599470132368
RA_84.93DEC-5.05,29,416.0163856570908
RA_84.94DEC-6.55,23,213.8999099550661
RA_84.98DEC-3.33,28,758.0750088263152
RA_84.99DEC-6.77,28,317.6537999482406
RA_85.01DEC-34.34,44,111.68682076675572
RA_85.03DEC-4.54,28,512.2040959130192
RA_85.05DEC-5.60,18,248.99444553514
RA_85.07DEC-32.88,37,78.30994438112137
RA_85.08DEC-3.43,27,1628.7946007285125
RA_85.11DEC-4.42,27,752.6393901428991
RA_85.12DEC-4.35,25,197.32782583251824
RA_85.13DEC-34.57,44,121.3466618602415
RA_85.14DEC-6.17,27,254.74872759065923
RA_85.15DEC-35.45,44,101.27549086030471
RA_85.17DEC-3.92,27,346.3918028613326
RA_85.20DEC-4.72,26,220.47388070333076
RA_85.22DEC-5.57,26,451.7122453258322
RA_85.23DEC-35.61,44,154.44927031254963
RA_85.23DEC-5.04,26,220.60968044214263
RA_85.24DEC-3.84,26,1562.8460114774557
RA_85.24DEC-3.91,26,312.6193751701071
RA_85.24DEC-33.31,44,397.4219323168712
RA_85.25DEC-5.21,26,272.52407078534
RA_85.28DEC-4.97,26,312.9420320004617
RA_85.29DEC-3.63,26,854.2627713210521
RA_85.31DEC-32.71,44,112.03652059598672
RA_85.31DEC-34.99,44,142.46807942359442
RA_85.34DEC-34.37,44,111.96131121941688
RA_85.36DEC-33.10,44,219.89548820875436
RA_85.37DEC-4.39,25,353.9856301733139
RA_85.37DEC-6.77,25,308.77967827150354
RA_85.38DEC-4.00,25,258.7036781233356
RA_85.38DEC-4.76,25,260.800724895685
RA_85.40DEC-3.73,25,944.7966889724054
RA_85.41DEC-33.45,44,204.15140822976312
RA_85.44DEC-32.76,44,115.34455103549772
RA_85.45DEC-35.07,44,178.10581973818017
RA_85.46DEC-3.49,24,418.7583965080153
RA_85.46DEC-5.31,24,327.934610669568
RA_85.48DEC-4.46,24,249.83785504330237
RA_85.51DEC-35.46,44,142.23405275419736
RA_85.53DEC-5.32,23,217.4609111849507
RA_85.56DEC-3.80,24,217.5179785434535
RA_85.58DEC-33.20,44,205.53093639354935
RA_85.59DEC-3.32,23,436.78729073064596
RA_85.61DEC-34.04,44,117.22655362509589
RA_85.62DEC-33.99,44,169.00320032619703
RA_85.62DEC-34.00,44,181.98460684974623
RA_85.65DEC-4.43,23,294.25951742443215
RA_85.67DEC-33.72,31,81.32720190044225
RA_85.67DEC-34.72,34,79.39586223144795
RA_85.67DEC-4.82,23,271.58940206202107
RA_85.67DEC-6.83,23,291.8443841460006
RA_85.69DEC-32.90,44,217.8222518239838
RA_85.69DEC-4.06,22,225.1981507158719
RA_85.69DEC-4.63,23,546.4020356836018
RA_85.73DEC-32.31,44,95.8594869028132
RA_85.73DEC-6.80,22,3334.3257047607617
RA_85.74DEC-4.83,22,273.0099913567521
RA_85.77DEC-5.81,22,293.4996292735675
RA_85.78DEC-34.66,44,197.74810453255884
RA_85.80DEC-5.00,22,376.15707893871325
RA_85.82DEC-3.64,21,363.029753316464
RA_85.82DEC-32.72,44,93.59751441255206
RA_85.82DEC-35.49,44,114.23704800374117
RA_85.86DEC-3.58,21,304.38231193418875
RA_85.86DEC-33.04,39,85.6181934936325
RA_85.89DEC-33.48,44,108.92822255703688
RA_85.90DEC-34.62,44,85.46135937147397
RA_85.90DEC-4.95,21,260.0000866471651
RA_85.90DEC-6.26,12,205.36406636069103
RA_85.93DEC-5.16,21,360.8405823636821
RA_85.93DEC-6.46,19,214.0022888976404
RA_85.94DEC18.71,86,207.86249823737842
RA_85.97DEC-3.59,20,532.6121951068997
RA_85.98DEC-32.85,43,98.554176572938
RA_85.98DEC-33.99,31,77.11519429579853
RA_85.99DEC-3.81,20,344.4770609753621
RA_85.99DEC-4.51,20,227.31575181928284
RA_86.01DEC-33.89,44,117.05965240238788
RA_86.01DEC-4.56,20,924.0994423287241
RA_86.01DEC-4.99,20,259.20049351918647
RA_86.01DEC-6.73,20,307.1907394734852
RA_86.02DEC-6.42,16,208.9744168184836
RA_86.07DEC-5.25,20,247.94071676829134
RA_86.08DEC-4.85,19,212.16458859673756
RA_86.08DEC-6.62,12,205.17180534308804
RA_86.08DEC-6.75,20,508.6232797907654
RA_86.09DEC-35.79,44,97.52751758966939
RA_86.10DEC-5.10,19,275.1287957886421
RA_86.11DEC-5.46,19,771.575195426347
RA_86.13DEC-4.70,19,1270.6372967723555
RA_86.14DEC-6.87,19,1651.0337429785782
RA_86.16DEC-35.42,44,176.39996625436268
RA_86.18DEC-32.82,44,344.57951939270134
RA_86.22DEC-34.77,28,74.47861927450627
RA_86.23DEC-33.71,39,79.43645842868047
RA_86.23DEC-4.93,16,204.64285151273785
RA_86.24DEC-32.33,42,92.31458027142942
RA_86.26DEC-34.10,44,157.40028884982115
RA_86.27DEC-4.39,18,257.7625803238333
RA_86.28DEC-33.74,44,118.38889193145168
RA_86.28DEC23.49,45,68.26181551500315
RA_86.31DEC-5.11,17,204.76997738206825
RA_86.32DEC-4.23,18,550.6079854346746
RA_86.35DEC-32.49,35,84.52169344538953
RA_86.36DEC-4.24,17,543.6480092591719
RA_86.37DEC-6.21,15,214.30309488034376
RA_86.40DEC-34.20,44,227.83705812020756
RA_86.41DEC-34.03,37,80.71598317017998
RA_86.46DEC-5.27,14,213.96481938764222
RA_86.49DEC-33.01,44,98.39011515039535
RA_86.50DEC-5.25,16,452.102488861716
RA_86.51DEC-4.27,16,3205.984539115632
RA_86.54DEC-6.14,15,217.66295575906275
RA_86.55DEC-4.02,16,1070.806821160247
RA_86.56DEC-3.48,16,233.74100747257185
RA_86.57DEC-32.98,44,288.0752802493041
RA_86.58DEC-5.86,16,747.9871502981806
RA_86.59DEC-5.74,15,307.9006356527339
RA_86.59DEC-5.77,16,332.5188447976335
RA_86.60DEC-33.80,44,132.52957644284132
RA_86.61DEC-33.72,44,159.58281545673333
RA_86.61DEC-4.01,15,688.9843228998137
RA_86.61DEC-5.32,15,346.76963395656
RA_86.67DEC-3.49,15,260.9504521480681
RA_86.69DEC-3.81,13,202.60907270720284
RA_86.70DEC-3.26,14,860.9262185806818
RA_86.70DEC-34.07,44,140.6644425467322
RA_86.70DEC-34.90,44,358.2073263796556
RA_86.71DEC-35.64,44,140.04286216522627
RA_86.73DEC-33.75,44,188.7130071888764
RA_86.75DEC-5.13,14,708.5630873739691
RA_86.77DEC-3.58,14,248.20400530228366
RA_86.78DEC-3.34,14,330.12348797069507
RA_86.83DEC-4.46,14,306.09097949626704
RA_86.84DEC-4.13,13,198.66495811248055
RA_86.84DEC-5.49,13,354.2374368237448
RA_86.84DEC-5.59,14,825.031785583337
RA_86.85DEC-6.38,13,284.5886316713397
RA_86.87DEC-32.70,44,117.7273142804604
RA_86.89DEC-5.30,12,214.35558644837366
RA_86.93DEC-34.15,40,85.08854487004595
RA_86.94DEC-33.57,44,103.65067800835283
RA_86.94DEC-35.29,44,119.51266621261135
RA_86.95DEC-6.44,13,856.5784946893502
RA_86.97DEC-3.42,11,202.2869278455032
RA_86.97DEC-33.42,44,241.17905393326808
RA_87.01DEC-5.68,12,243.47215399143957
RA_87.03DEC-6.13,12,500.1757769928125
RA_87.04DEC-34.23,44,136.69738474523777
RA_87.04DEC-34.76,41,83.24291109640245
RA_87.04DEC-4.81,12,279.7167587851119
RA_87.05DEC-3.59,11,208.82871325989174
RA_87.09DEC-6.65,12,613.5812483181652
RA_87.10DEC-5.34,11,223.9216613793866
RA_87.13DEC-5.34,11,398.96291104178886
RA_87.15DEC-33.20,44,145.82426013143177
RA_87.15DEC-4.10,11,3672.475028214516
RA_87.15DEC-5.83,11,599.8963599735912
RA_87.18DEC-35.82,44,245.5322232232099
RA_87.18DEC-5.02,11,233.77370103768706
RA_87.19DEC-33.87,44,132.13058298362986
RA_87.22DEC-32.44,36,102.97009580675444
RA_87.22DEC-5.77,11,346.61822887197707
RA_87.23DEC-5.49,10,385.43823135899066
RA_87.25DEC-3.31,10,242.8254678605159
RA_87.27DEC-32.33,23,180.9754644411676
RA_87.36DEC-34.13,44,246.08971834532665
RA_87.38DEC-34.26,44,111.99459425807423
RA_87.40DEC-32.49,44,155.63607519597485
RA_87.46DEC-35.91,44,309.8834455544538
RA_87.62DEC-33.35,44,212.33182463663744
RA_87.66DEC-35.93,44,144.15085174323002
RA_87.67DEC-34.66,44,183.16619991474457
RA_87.75DEC-35.80,41,290.05373985472903
RA_87.77DEC-34.47,44,113.33989278199329
RA_87.82DEC-32.30,10,529.0730204685684
RA_87.82DEC-33.82,44,143.29706750402417
RA_87.89DEC-33.26,34,83.93573027252296
RA_87.94DEC-34.57,44,234.2490081503767
RA_87.95DEC-32.91,44,154.53901024686212
RA_87.98DEC-33.24,43,96.49545510772973
RA_88.00DEC-33.67,34,86.49950123488662
RA_88.11DEC-34.19,43,91.47314950888394
RA_88.22DEC-35.62,21,311.41411331843204
RA_88.29DEC22.31,606,87.1762577145525
RA_88.30DEC22.31,239,106.67209020287895
RA_88.45DEC39.37,44,89.24079489594706
